{
  "Mechanical System": {
    "Name": "Harmonic_Oscillator",
    "Path": "C:\\Users\\E1243377\\Python\\DynamicalSystems\\Mechanical_Systems_Library\\Harmonic_Oscillator\\",
    "Dimensions": 1,
    "Particles": 1,
    "Masses": {
      "m1": 1.0
    },
    "Parameters": {
      "k": 1.0
    },
    "Degrees of Freedom": {
      "x1": "x1"
    },
    "Cartesian Coordinates": {
      "x1_0": "x1"
    },
    "Potential Energy": {
      "V1": "1/2 * k * x1_0**2"
    },
    "Friction Coefficients": {
      "x_friction": 1.0
    },
    "Driving Force Coefficients": {
      "A_x_drive": 1.0,
      "w_x_drive": 2.0,
      "phi_x_drive": 0.0
    },
    "Notes": "notes"
  },
  "Initial Conditions": {
    "x1(0)": 1.0,
    "dx1dt(0)": 0.0
  },
  "Integration Parameters": {
    "t_initial": 0.0,
    "t_final": 6.28,
    "iterations": 100
  },
  "Equations of Motion": {
    "Derivative(x1(t), (t, 2))": "-1.0*k*x1(t)/m1"
  },
  "Output": {
    "0.0": {
      "x1": 1.0,
      "v_x1": 0.0,
      "p_x1": 0.0
    },
    "0.06343434343434344": {
      "x1": 0.9979887174992356,
      "v_x1": -0.06339179474783643,
      "p_x1": -0.06339179474783643
    },
    "0.12686868686868688": {
      "x1": 0.991962958555598,
      "v_x1": -0.12652860736807733,
      "p_x1": -0.12652860736807733
    },
    "0.1903030303030303": {
      "x1": 0.9819469621221489,
      "v_x1": -0.18915644868689954,
      "p_x1": -0.18915644868689954
    },
    "0.25373737373737376": {
      "x1": 0.9679810184017779,
      "v_x1": -0.25102339609286317,
      "p_x1": -0.25102339609286317
    },
    "0.3171717171717172": {
      "x1": 0.9501213064360533,
      "v_x1": -0.3118805851801735,
      "p_x1": -0.3118805851801735
    },
    "0.3806060606060606": {
      "x1": 0.928439667980549,
      "v_x1": -0.3714832136828353,
      "p_x1": -0.3714832136828353
    },
    "0.44404040404040407": {
      "x1": 0.9030233105401368,
      "v_x1": -0.4295915230504259,
      "p_x1": -0.4295915230504259
    },
    "0.5074747474747475": {
      "x1": 0.873974486924015,
      "v_x1": -0.4859717725696437,
      "p_x1": -0.4859717725696437
    },
    "0.5709090909090909": {
      "x1": 0.8414100533328205,
      "v_x1": -0.5403971690980321,
      "p_x1": -0.5403971690980321
    },
    "0.6343434343434344": {
      "x1": 0.8054609874446143,
      "v_x1": -0.5926487829245531,
      "p_x1": -0.5926487829245531
    },
    "0.6977777777777778": {
      "x1": 0.7662719037798031,
      "v_x1": -0.6425164276278524,
      "p_x1": -0.6425164276278524
    },
    "0.7612121212121212": {
      "x1": 0.7240004364546561,
      "v_x1": -0.6897995065178492,
      "p_x1": -0.6897995065178492
    },
    "0.8246464646464647": {
      "x1": 0.6788166289389794,
      "v_x1": -0.7343078208604139,
      "p_x1": -0.7343078208604139
    },
    "0.8880808080808081": {
      "x1": 0.6309022359166642,
      "v_x1": -0.7758623326615584,
      "p_x1": -0.7758623326615584
    },
    "0.9515151515151516": {
      "x1": 0.5804499962195814,
      "v_x1": -0.8142958871818495,
      "p_x1": -0.8142958871818495
    },
    "1.014949494949495": {
      "x1": 0.527662858661489,
      "v_x1": -0.849453881484868,
      "p_x1": -0.849453881484868
    },
    "1.0783838383838384": {
      "x1": 0.4727531613231845,
      "v_x1": -0.8811948917472076,
      "p_x1": -0.8811948917472076
    },
    "1.1418181818181818": {
      "x1": 0.4159417834359082,
      "v_x1": -0.9093912363958977,
      "p_x1": -0.9093912363958977
    },
    "1.2052525252525255": {
      "x1": 0.3574572542999817,
      "v_x1": -0.9339294927193661,
      "p_x1": -0.9339294927193661
    },
    "1.2686868686868689": {
      "x1": 0.29753483033113504,
      "v_x1": -0.9547109551416685,
      "p_x1": -0.9547109551416685
    },
    "1.3321212121212123": {
      "x1": 0.2364155518707192,
      "v_x1": -0.9716520306322212,
      "p_x1": -0.9716520306322212
    },
    "1.3955555555555557": {
      "x1": 0.17434527721646684,
      "v_x1": -0.9846845706941394,
      "p_x1": -0.9846845706941394
    },
    "1.458989898989899": {
      "x1": 0.11157368649742377,
      "v_x1": -0.9937561521755134,
      "p_x1": -0.9937561521755134
    },
    "1.5224242424242425": {
      "x1": 0.04835328459004293,
      "v_x1": -0.9988302830607286,
      "p_x1": -0.9988302830607286
    },
    "1.585858585858586": {
      "x1": -0.015061622986342664,
      "v_x1": -0.9998865538298505,
      "p_x1": -0.9998865538298505
    },
    "1.6492929292929295": {
      "x1": -0.07841594242461947,
      "v_x1": -0.9969207141507892,
      "p_x1": -0.9969207141507892
    },
    "1.7127272727272729": {
      "x1": -0.1414548301703824,
      "v_x1": -0.9899446952751475,
      "p_x1": -0.9899446952751475
    },
    "1.7761616161616163": {
      "x1": -0.20392470432265614,
      "v_x1": -0.9789865579321735,
      "p_x1": -0.9789865579321735
    },
    "1.8395959595959597": {
      "x1": -0.2655742799560539,
      "v_x1": -0.9640903827100665,
      "p_x1": -0.9640903827100665
    },
    "1.9030303030303033": {
      "x1": -0.32615556293412507,
      "v_x1": -0.945316090013127,
      "p_x1": -0.945316090013127
    },
    "1.9664646464646467": {
      "x1": -0.3854248659851897,
      "v_x1": -0.9227392007013275,
      "p_x1": -0.9227392007013275
    },
    "2.02989898989899": {
      "x1": -0.44314376916209014,
      "v_x1": -0.8964505321552303,
      "p_x1": -0.8964505321552303
    },
    "2.0933333333333337": {
      "x1": -0.4990800998791388,
      "v_x1": -0.8665558316137592,
      "p_x1": -0.8665558316137592
    },
    "2.156767676767677": {
      "x1": -0.5530088448234045,
      "v_x1": -0.8331753536094545,
      "p_x1": -0.8331753536094545
    },
    "2.2202020202020205": {
      "x1": -0.6047130779218824,
      "v_x1": -0.7964433717361726,
      "p_x1": -0.7964433717361726
    },
    "2.2836363636363637": {
      "x1": -0.6539848095140012,
      "v_x1": -0.7565076448894361,
      "p_x1": -0.7565076448894361
    },
    "2.3470707070707073": {
      "x1": -0.7006258468067752,
      "v_x1": -0.7135288146631477,
      "p_x1": -0.7135288146631477
    },
    "2.410505050505051": {
      "x1": -0.7444485671542814,
      "v_x1": -0.6676797692573317,
      "p_x1": -0.6676797692573317
    },
    "2.473939393939394": {
      "x1": -0.785276697123661,
      "v_x1": -0.6191449357580299,
      "p_x1": -0.6191449357580299
    },
    "2.5373737373737377": {
      "x1": -0.8229459971746785,
      "v_x1": -0.5681195528472854,
      "p_x1": -0.5681195528472854
    },
    "2.600808080808081": {
      "x1": -0.8573049456529201,
      "v_x1": -0.514808868362352,
      "p_x1": -0.514808868362352
    },
    "2.6642424242424245": {
      "x1": -0.8882153324927049,
      "v_x1": -0.45942732910014833,
      "p_x1": -0.45942732910014833
    },
    "2.727676767676768": {
      "x1": -0.9155528119356399,
      "v_x1": -0.40219771286034045,
      "p_x1": -0.40219771286034045
    },
    "2.7911111111111113": {
      "x1": -0.9392074199169237,
      "v_x1": -0.34335022888224376,
      "p_x1": -0.34335022888224376
    },
    "2.854545454545455": {
      "x1": -0.9590840037015331,
      "v_x1": -0.2831215953337643,
      "p_x1": -0.2831215953337643
    },
    "2.917979797979798": {
      "x1": -0.9751026060738736,
      "v_x1": -0.22175408692290854,
      "p_x1": -0.22175408692290854
    },
    "2.9814141414141417": {
      "x1": -0.9871987939886107,
      "v_x1": -0.15949455792354014,
      "p_x1": -0.15949455792354014
    },
    "3.044848484848485": {
      "x1": -0.9953239068529823,
      "v_x1": -0.09659345129210542,
      "p_x1": -0.09659345129210542
    },
    "3.1082828282828285": {
      "x1": -0.9994452633121054,
      "v_x1": -0.033303791427214124,
      "p_x1": -0.033303791427214124
    },
    "3.171717171717172": {
      "x1": -0.9995462838958251,
      "v_x1": 0.030119835579889107,
      "p_x1": 0.030119835579889107
    },
    "3.2351515151515153": {
      "x1": -0.9956265636755878,
      "v_x1": 0.09342230350397145,
      "p_x1": 0.09342230350397145
    },